feature,coefficient,abs_coefficient,direction
regular_win_pct_diff,0.967755261627703,0.967755261627703,helps_home_win
away_regular_effective_field_goal_percentage,-0.10257665894119818,0.10257665894119818,hurts_home_win
home_regular_fg_pct,0.06564869589667735,0.06564869589667735,helps_home_win
away_regular_three_pt_pct,0.04818300699164451,0.04818300699164451,helps_home_win
home_regular_true_shooting_percentage,-0.045221073729003684,0.045221073729003684,hurts_home_win
home_regular_second_chance_points_per_game,-0.04363802241485012,0.04363802241485012,hurts_home_win
home_regular_points_in_paint_per_game,0.040257409455774766,0.040257409455774766,helps_home_win
home_regular_pace_z,0.036376007222769964,0.036376007222769964,helps_home_win
home_regular_offensive_rebound_percentage_z,0.03363200681401145,0.03363200681401145,helps_home_win
home_regular_offensive_rebounds_per_game,0.02975518274608863,0.02975518274608863,helps_home_win
away_regular_rebounds_per_game,-0.02671152677518689,0.02671152677518689,hurts_home_win
regular_opponent_points_per_game_diff,-0.02499090200181059,0.02499090200181059,hurts_home_win
home_regular_offensive_rating_z,0.024112111163053774,0.024112111163053774,helps_home_win
away_regular_fg_pct,0.0232759962293677,0.0232759962293677,helps_home_win
away_regular_opponent_free_throw_attempt_rate,0.023028048901153543,0.023028048901153543,helps_home_win
home_regular_ft_pct,0.021200701653459855,0.021200701653459855,helps_home_win
home_regular_steals_per_game,0.021112154617230223,0.021112154617230223,helps_home_win
home_regular_opponent_effective_field_goal_percentage,-0.020978003803441093,0.020978003803441093,hurts_home_win
away_regular_pace_z,0.019200820070676927,0.019200820070676927,helps_home_win
away_regular_blocks_per_game,0.01912451001812195,0.01912451001812195,helps_home_win
regular_three_pt_pct_z_diff,0.019031860850894967,0.019031860850894967,helps_home_win
home_regular_bench_points_per_game,-0.016699539479745975,0.016699539479745975,hurts_home_win
home_regular_points_off_turnovers_per_game,-0.016413737378240065,0.016413737378240065,hurts_home_win
home_regular_win_pct,0.015677169653767746,0.015677169653767746,helps_home_win
away_regular_offensive_rebound_percentage_z,0.014794134165153343,0.014794134165153343,helps_home_win
away_regular_fouls_per_game,-0.013471556203005795,0.013471556203005795,hurts_home_win
home_regular_effective_field_goal_percentage,-0.013242494554962694,0.013242494554962694,hurts_home_win
away_regular_second_chance_points_per_game,-0.011395249407405649,0.011395249407405649,hurts_home_win
home_regular_defensive_rebound_percentage_z,0.010855266514439127,0.010855266514439127,helps_home_win
home_regular_assist_to_turnover_ratio,0.010816001224843802,0.010816001224843802,helps_home_win
away_regular_ft_pct_z,-0.010608469171934668,0.010608469171934668,hurts_home_win
home_regular_defensive_rebound_percentage,0.01018598679566543,0.01018598679566543,helps_home_win
home_regular_blocks_per_game,0.00923197350650516,0.00923197350650516,helps_home_win
away_regular_possessions_per_game,0.008709545233633185,0.008709545233633185,helps_home_win
home_regular_fast_break_points_per_game,-0.00843082960074233,0.00843082960074233,hurts_home_win
away_regular_assist_percentage,-0.0072083036872932806,0.0072083036872932806,hurts_home_win
away_regular_rebound_percentage_z,0.006535293336173139,0.006535293336173139,helps_home_win
away_regular_defensive_rebound_percentage_z,0.006387391216805874,0.006387391216805874,helps_home_win
home_regular_opponent_turnover_percentage,-0.0059166557727032675,0.0059166557727032675,hurts_home_win
away_regular_opponent_turnover_percentage_z,0.0058036337138215556,0.0058036337138215556,helps_home_win
away_regular_assist_to_turnover_ratio,0.005648953853072766,0.005648953853072766,helps_home_win
home_regular_opponent_offensive_rebound_percentage,-0.0027096393983986502,0.0027096393983986502,hurts_home_win
home_regular_defensive_rebounds_per_game,-0.002597474164963269,0.002597474164963269,hurts_home_win
away_regular_points_in_paint_per_game,0.0020483088331371916,0.0020483088331371916,helps_home_win
home_regular_team_turnover_percentage_z,-0.002014353389800382,0.002014353389800382,hurts_home_win
home_regular_opponent_free_throw_attempt_rate,0.0013218294391168749,0.0013218294391168749,helps_home_win
home_regular_assist_to_turnover_ratio_z,0.00013189813743268486,0.00013189813743268486,helps_home_win
home_regular_defensive_rating,0.0,0.0,hurts_home_win
home_regular_assist_percentage,0.0,0.0,hurts_home_win
home_regular_offensive_rebound_percentage,0.0,0.0,hurts_home_win
home_regular_offensive_rating,0.0,0.0,hurts_home_win
home_regular_net_rating,0.0,0.0,hurts_home_win
home_regular_fouls_per_game,0.0,0.0,hurts_home_win
home_regular_assists_per_game,0.0,0.0,hurts_home_win
home_regular_assist_ratio,0.0,0.0,hurts_home_win
away_regular_fast_break_points_per_game,0.0,0.0,hurts_home_win
away_regular_assist_ratio,0.0,0.0,hurts_home_win
away_regular_opponent_effective_field_goal_percentage,0.0,0.0,hurts_home_win
away_regular_offensive_rebounds_per_game,0.0,0.0,hurts_home_win
away_regular_opponent_points_per_game,0.0,0.0,hurts_home_win
away_regular_opponent_offensive_rebound_percentage,0.0,0.0,hurts_home_win
away_regular_offensive_rating,0.0,0.0,hurts_home_win
away_regular_offensive_rebound_percentage,0.0,0.0,hurts_home_win
away_regular_ft_pct,0.0,0.0,hurts_home_win
away_regular_net_rating,0.0,0.0,hurts_home_win
away_regular_points_off_turnovers_per_game,0.0,0.0,hurts_home_win
away_regular_defensive_rebounds_per_game,0.0,0.0,hurts_home_win
away_regular_defensive_rebound_percentage,0.0,0.0,hurts_home_win
away_regular_defensive_rating,0.0,0.0,hurts_home_win
away_regular_assists_per_game,0.0,0.0,hurts_home_win
away_regular_bench_points_per_game,0.0,0.0,hurts_home_win
home_regular_team_turnover_percentage,0.0,0.0,hurts_home_win
home_regular_three_pt_pct,0.0,0.0,hurts_home_win
home_regular_rebound_percentage,0.0,0.0,hurts_home_win
home_regular_rebounds_per_game,0.0,0.0,hurts_home_win
home_regular_points_per_game,0.0,0.0,hurts_home_win
home_regular_possessions_per_game,0.0,0.0,hurts_home_win
home_regular_pace,0.0,0.0,hurts_home_win
home_regular_opponent_points_per_game,0.0,0.0,hurts_home_win
home_regular_turnovers_per_game,0.0,0.0,hurts_home_win
home_regular_point_diff_per_game,0.0,0.0,hurts_home_win
regular_effective_field_goal_percentage_diff,0.0,0.0,hurts_home_win
regular_defensive_rebound_percentage_diff,0.0,0.0,hurts_home_win
regular_defensive_rating_diff,0.0,0.0,hurts_home_win
regular_assist_to_turnover_ratio_diff,0.0,0.0,hurts_home_win
regular_assist_percentage_diff,0.0,0.0,hurts_home_win
away_regular_win_pct,0.0,0.0,hurts_home_win
away_regular_turnovers_per_game,0.0,0.0,hurts_home_win
away_regular_true_shooting_percentage,0.0,0.0,hurts_home_win
away_regular_team_turnover_percentage,0.0,0.0,hurts_home_win
away_regular_steals_per_game,0.0,0.0,hurts_home_win
away_regular_points_per_game,0.0,0.0,hurts_home_win
away_regular_rebound_percentage,0.0,0.0,hurts_home_win
away_regular_opponent_turnover_percentage,0.0,0.0,hurts_home_win
away_regular_pace,0.0,0.0,hurts_home_win
away_regular_point_diff_per_game,0.0,0.0,hurts_home_win
regular_point_diff_per_game_diff,0.0,0.0,hurts_home_win
home_regular_defensive_rating_z,0.0,0.0,hurts_home_win
home_regular_win_pct_z,0.0,0.0,hurts_home_win
regular_team_turnover_percentage_diff,0.0,0.0,hurts_home_win
regular_true_shooting_percentage_diff,0.0,0.0,hurts_home_win
regular_rebound_percentage_diff,0.0,0.0,hurts_home_win
home_regular_effective_field_goal_percentage_z,0.0,0.0,hurts_home_win
home_regular_true_shooting_percentage_z,0.0,0.0,hurts_home_win
home_regular_net_rating_z,0.0,0.0,hurts_home_win
home_regular_rebound_percentage_z,0.0,0.0,hurts_home_win
regular_pace_diff,0.0,0.0,hurts_home_win
regular_points_per_game_diff,0.0,0.0,hurts_home_win
regular_net_rating_diff,0.0,0.0,hurts_home_win
regular_opponent_effective_field_goal_percentage_diff,0.0,0.0,hurts_home_win
regular_opponent_turnover_percentage_diff,0.0,0.0,hurts_home_win
regular_offensive_rebound_percentage_diff,0.0,0.0,hurts_home_win
regular_offensive_rating_diff,0.0,0.0,hurts_home_win
away_regular_offensive_rating_z,0.0,0.0,hurts_home_win
away_regular_win_pct_z,0.0,0.0,hurts_home_win
home_regular_opponent_turnover_percentage_z,0.0,0.0,hurts_home_win
home_regular_opponent_effective_field_goal_percentage_z,0.0,0.0,hurts_home_win
home_regular_assist_percentage_z,0.0,0.0,hurts_home_win
home_regular_three_pt_pct_z,0.0,0.0,hurts_home_win
home_regular_ft_pct_z,0.0,0.0,hurts_home_win
away_regular_true_shooting_percentage_z,0.0,0.0,hurts_home_win
away_regular_effective_field_goal_percentage_z,0.0,0.0,hurts_home_win
away_regular_three_pt_pct_z,0.0,0.0,hurts_home_win
away_regular_net_rating_z,0.0,0.0,hurts_home_win
away_regular_assist_percentage_z,0.0,0.0,hurts_home_win
away_regular_assist_to_turnover_ratio_z,0.0,0.0,hurts_home_win
away_regular_team_turnover_percentage_z,0.0,0.0,hurts_home_win
away_regular_opponent_effective_field_goal_percentage_z,0.0,0.0,hurts_home_win
away_regular_defensive_rating_z,0.0,0.0,hurts_home_win
regular_win_pct_z_diff,0.0,0.0,hurts_home_win
regular_offensive_rating_z_diff,0.0,0.0,hurts_home_win
regular_net_rating_z_diff,0.0,0.0,hurts_home_win
regular_defensive_rating_z_diff,0.0,0.0,hurts_home_win
regular_pace_z_diff,0.0,0.0,hurts_home_win
regular_true_shooting_percentage_z_diff,0.0,0.0,hurts_home_win
regular_effective_field_goal_percentage_z_diff,0.0,0.0,hurts_home_win
regular_ft_pct_z_diff,0.0,0.0,hurts_home_win
regular_rebound_percentage_z_diff,0.0,0.0,hurts_home_win
regular_offensive_rebound_percentage_z_diff,0.0,0.0,hurts_home_win
regular_defensive_rebound_percentage_z_diff,0.0,0.0,hurts_home_win
regular_assist_percentage_z_diff,0.0,0.0,hurts_home_win
regular_assist_to_turnover_ratio_z_diff,0.0,0.0,hurts_home_win
regular_team_turnover_percentage_z_diff,0.0,0.0,hurts_home_win
regular_opponent_effective_field_goal_percentage_z_diff,0.0,0.0,hurts_home_win
regular_opponent_turnover_percentage_z_diff,0.0,0.0,hurts_home_win
